{
  "train_loss": [
    1.183115955872028,
    0.9530431549290312,
    0.8865325940226306,
    0.8380043991504253,
    0.7884538268263007,
    0.7651385453258368,
    0.7355662013872238,
    0.7148531939345544,
    0.6922638354685846,
    0.6772768856831008,
    0.6627197108506603,
    0.6507935413207158,
    0.6399684656606239,
    0.6327563855729971,
    0.6279449321380016,
    0.6227913541967376,
    0.6194776709274106,
    0.6162298129741022,
    0.613765275694734,
    0.611126295375719,
    0.609740618542847,
    0.609380018791766,
    0.6078145199781352,
    0.6070727289833354
  ],
  "val_loss": [
    1.0258475732369663,
    0.9960936284493607,
    0.9706087909217339,
    0.929607305073363,
    0.9168420153568265,
    0.9210204366806988,
    0.9404664720133098,
    0.9075316638569256,
    0.9607615510596054,
    0.8887072480652112,
    0.9013828048414982,
    0.8862813251676497,
    0.8993425894802589,
    0.8950385385998497,
    0.8751024276852913,
    0.8955059764561091,
    0.8800574515217344,
    0.8741918391660446,
    0.873782328417386,
    0.8771012682971139,
    0.8682530720163942,
    0.8687621354657669,
    0.8670667338658624,
    0.8690297699722245
  ],
  "val_f1_macro": [
    0.7504098923869059,
    0.7541147002390899,
    0.7662392039106302,
    0.8015919138703949,
    0.8202345684318204,
    0.8101908203146392,
    0.8127405415441084,
    0.842254664348719,
    0.8221276107365241,
    0.8432190402828736,
    0.8425203324968303,
    0.8382756664462817,
    0.8441655091133993,
    0.8417855178092535,
    0.8506523148791492,
    0.852561464944231,
    0.8580544624072542,
    0.8603404701700993,
    0.8574591399355482,
    0.8604202388714484,
    0.860599637172161,
    0.858283030055209,
    0.8599858808248627,
    0.8604732192759305
  ],
  "learning_rate": [
    0.0002988172051971717,
    0.0002952874741692947,
    0.0002894664728832377,
    0.00028144600200657956,
    0.00027135254915624217,
    0.0002593452941132118,
    0.00024561359846230347,
    0.0002303740192468495,
    0.0002138668937347609,
    0.0001963525491562421,
    0.00017810719718785873,
    0.00015941857792939703,
    0.00014058142207060302,
    0.00012189280281214133,
    0.00010364745084375795,
    8.61331062652391e-05,
    6.962598075315047e-05,
    5.4386401537696536e-05,
    4.06547058867883e-05,
    2.86474508437579e-05,
    1.8553997993420465e-05,
    1.05335271167623e-05,
    4.712525830705356e-06,
    1.1827948028283355e-06
  ],
  "best_val_f1": 0.860599637172161
}