{
  "train_loss": [
    1.3751913677697647,
    1.0023569946928539,
    0.9076221124608819,
    0.8379517884579668,
    0.7959134024521466,
    0.7594037536717608,
    0.7307291702916645,
    0.7130596223998298,
    0.6937161911838687,
    0.6822014748187792,
    0.6721071736993955,
    0.6602133584777398,
    0.654144884564087
  ],
  "val_loss": [
    1.07020696550325,
    1.0177843405351403,
    0.9927941968485974,
    0.982470758803893,
    1.0130660086254923,
    0.9724131148317245,
    0.9998918738485966,
    0.9590995994918967,
    0.9671072730953147,
    0.983457729089022,
    0.9467594007897119,
    0.959641418856391,
    0.9727424941828123
  ],
  "val_f1_macro": [
    0.736123555052865,
    0.7669546182844826,
    0.7725211936206585,
    0.795113278540268,
    0.7842447424979326,
    0.797602866977467,
    0.799363796702289,
    0.8174869110326382,
    0.8134977953142376,
    0.8194113360835337,
    0.815793364995768,
    0.8136551310666674,
    0.8153349460410744
  ],
  "learning_rate": [
    0.0001992114701314478,
    0.0001968583161128631,
    0.00019297764858882514,
    0.00018763066800438636,
    0.00018090169943749476,
    0.00017289686274214118,
    0.000163742398974869,
    0.00015358267949789966,
    0.00014257792915650726,
    0.00013090169943749474,
    0.00011873813145857248,
    0.00010627905195293135,
    9.372094804706867e-05
  ],
  "best_val_f1": 0.8194113360835337
}