{
  "train_loss": [
    1.6447818307545674,
    1.3726793998944087,
    1.2686306142874284,
    1.206420285842521,
    1.1568440385450576,
    1.1143492287125567,
    1.0776787295552333,
    1.066331014944023,
    1.0369033440429054,
    1.0067233126999375,
    0.9835406740748803,
    0.9650340329330165,
    0.9540291526374782,
    0.9250373011907718,
    0.908417454781758,
    0.8926062594185995,
    0.8731974036661018,
    0.8472297814919372,
    0.8274018480220308,
    0.8152496638039074,
    0.795736722729568,
    0.7803236563966238,
    0.7637436229768664,
    0.7517154591453039,
    0.7423967104316525,
    0.7306854457484857,
    0.7252182666200115,
    0.7182985582304818
  ],
  "val_loss": [
    2.2878169344679717,
    1.3439397010110397,
    1.3626214511798118,
    1.3897265808588426,
    1.1365127149682905,
    1.33692268314352,
    1.4508955523100646,
    1.2569724844045078,
    1.0842316688843143,
    1.0957899243687164,
    1.0400022546596632,
    1.1904152056865163,
    1.0862927834991098,
    1.1142830481860218,
    1.0355025289806588,
    1.05995624924914,
    1.0746391738263268,
    1.0958827966399098,
    1.0166227490943718,
    1.011269306081598,
    0.994418989193917,
    0.9830203806432067,
    0.9888180275605122,
    0.9816126877569006,
    0.9827128453667628,
    0.9812493779047061,
    0.9719880517140229,
    0.971691895570224
  ],
  "val_f1_macro": [
    0.3192501048588128,
    0.577061176570587,
    0.6118186491501871,
    0.5959834426054873,
    0.6893103386098981,
    0.6011102756171595,
    0.5627133008620994,
    0.6328979399249981,
    0.6982727739878523,
    0.6889501551016124,
    0.7221310548725672,
    0.6655641904609446,
    0.7141681765823721,
    0.6734031232212487,
    0.7505592289002081,
    0.7114009498614032,
    0.7428502620422619,
    0.7185765560921851,
    0.7617946084483405,
    0.7633597685450658,
    0.7957241244180581,
    0.7875635965516122,
    0.7916384444635987,
    0.8079805841115705,
    0.7999827080392841,
    0.7984412588151829,
    0.8045396137953627,
    0.8025048753044353
  ],
  "learning_rate": [
    0.0009972609476841367,
    0.0009890738003669028,
    0.0009755282581475768,
    0.0009567727288213003,
    0.0009330127018922195,
    0.0009045084971874739,
    0.0008715724127386972,
    0.0008345653031794292,
    0.0007938926261462366,
    0.00075,
    0.0007033683215379003,
    0.0006545084971874739,
    0.0006039558454088797,
    0.0005522642316338269,
    0.0005000000000000002,
    0.0004477357683661734,
    0.00039604415459112036,
    0.0003454915028125264,
    0.0002966316784621,
    0.00025000000000000017,
    0.00020610737385376354,
    0.00016543469682057108,
    0.00012842758726130298,
    9.549150281252637e-05,
    6.698729810778068e-05,
    4.322727117869953e-05,
    2.447174185242324e-05,
    1.092619963309716e-05
  ],
  "best_val_f1": 0.8079805841115705
}