{
  "model_name": "resnet50_pretrain",
  "f1_macro": 0.8112794726511635,
  "f1_per_class": {
    "Beige": 0.7391304347826086,
    "Black": 0.9025506867233486,
    "Blue": 0.8754880694143167,
    "Bronze": 0.4878048780487805,
    "Brown": 0.6472727272727272,
    "Green": 0.8110599078341014,
    "Grey": 0.8289241622574955,
    "Orange": 0.7906976744186046,
    "Purple": 0.6666666666666666,
    "Red": 0.9763606377130292,
    "Silver": 0.8818763326226012,
    "White": 0.968503937007874,
    "Yellow": 0.9702970297029703
  },
  "target_f1": 0.8,
  "meets_target": true,
  "eval_batch_size": 256,
  "eval_num_workers": 4
}