{
  "model_name": "resnet18_pretrain",
  "f1_macro": 0.8490497285948302,
  "f1_per_class": {
    "Beige": 0.7650273224043715,
    "Black": 0.9461433135554541,
    "Blue": 0.9383506805444356,
    "Bronze": 0.5060240963855421,
    "Brown": 0.7045454545454546,
    "Green": 0.8727272727272727,
    "Grey": 0.8891273247496424,
    "Orange": 0.8375,
    "Purple": 0.7058823529411765,
    "Red": 0.9776810016330975,
    "Silver": 0.9258635214827295,
    "White": 0.9836995038979447,
    "Yellow": 0.9850746268656716
  },
  "target_f1": 0.8,
  "meets_target": true,
  "eval_batch_size": 256,
  "eval_num_workers": 4
}