{
  "model_name": "resnet18_scratch",
  "f1_macro": 0.8078670939805459,
  "f1_per_class": {
    "Beige": 0.6951871657754011,
    "Black": 0.9212543554006969,
    "Blue": 0.9142407553107789,
    "Bronze": 0.5054945054945055,
    "Brown": 0.6911764705882353,
    "Green": 0.8090909090909091,
    "Grey": 0.8470588235294118,
    "Orange": 0.7195121951219512,
    "Purple": 0.616822429906542,
    "Red": 0.9688694702348444,
    "Silver": 0.8850957535387177,
    "White": 0.9692857142857143,
    "Yellow": 0.9591836734693877
  },
  "target_f1": 0.8,
  "meets_target": true,
  "eval_batch_size": 256,
  "eval_num_workers": 4
}